"large_image.alt","large_image.src","large_image.href","large_image.text","title.href","title.text","tag_desc","ogi_pinner.href","ogi_pinner.text","board_name"
"An intimate tented table for two: http://www.stylemepretty.com/michigan-weddings/2015/02/11/secret-beach-wedding-inspiration-at-sleeping-bear-dunes/ | Photography: Lauren Kinsey - http://laurenkinsey.com/","https://s-media-cache-ak0.pinimg.com/736x/6c/4e/4c/6c4e4ce6e9bd5e9c7b3b3c30d1bb56ec.jpg","http://www.stylemepretty.com/michigan-weddings/2015/02/11/secret-beach-wedding-inspiration-at-sleeping-bear-dunes/","","http://www.stylemepretty.com/michigan-weddings/2015/02/11/secret-beach-wedding-inspiration-at-sleeping-bear-dunes/","Secret Beach Wedding Inspiration at Sleeping Bear Dunes","Sometimes I fall so hard for the beautiful things we get to feature on SMP, I can barely contain myself. Well, that’s just what happened when I laid eyes on this seaside shoot from Lauren Kinsey. Because it’s basically my idea of perfection. With florals from Bloom Floral Design, planning from Since...","http://www.stylemepretty.com/michigan-weddings/2015/02/11/secret-beach-wedding-inspiration-at-sleeping-bear-dunes/","Style Me Pretty",""
"Incredibly romantic beach wedding inspiration: http://www.stylemepretty.com/destination-weddings/2015/02/24/intimate-rosewood-mayakoba-wedding-inspiration/ | Photography: Lane Dittoe - http://lanedittoe.com/","https://s-media-cache-ak0.pinimg.com/736x/f6/32/19/f632199eb1e82074668401296c591670.jpg","http://www.stylemepretty.com/destination-weddings/2015/02/24/intimate-rosewood-mayakoba-wedding-inspiration/","","http://www.stylemepretty.com/destination-weddings/2015/02/24/intimate-rosewood-mayakoba-wedding-inspiration/","Intimate Rosewood Mayakoba Wedding Inspiration","Fact: Lane Dittoe is a genius. And when he teams up with the crazy talented Crosby + Jon at Rosewood Mayakoba? Consider the results perfection in paradise. Starting with the ethereal saltwater hued gown, to the oceanfront accented with Krista Jon blooms, every detail in the gallery will have you dre...","http://www.stylemepretty.com/destination-weddings/2015/02/24/intimate-rosewood-mayakoba-wedding-inspiration/","Style Me Pretty","https://www.pinterest.com/stylemepretty/beach-weddings/","Beach Weddings"
"Beach goodness: http://www.stylemepretty.com/2014/12/10/romantic-islamorada-beach-wedding/ | Photography: Elaine Palladino - http://www.elainepalladino.com/","https://s-media-cache-ak0.pinimg.com/736x/91/d1/09/91d109002f02f12afdc387b746877a1f.jpg","http://www.stylemepretty.com/2014/12/10/romantic-islamorada-beach-wedding/","","http://www.stylemepretty.com/2014/12/10/romantic-islamorada-beach-wedding/","Romantic Islamorada Beach Wedding","At first glance, I could’ve sworn this wedding took place on a tropical island far from the States. So, you can imagine my surprise when I learned that The Moorings Village is an American gem! This Floridian affair captured by Elaine Palladino will completely transport you from winter to a sunny and...","http://www.stylemepretty.com/2014/12/10/romantic-islamorada-beach-wedding/","Style Me Pretty",""
"Nautical glamour: http://www.stylemepretty.com/2015/02/10/inspired-by-johnny-depps-beachfront-nuptials/","https://s-media-cache-ak0.pinimg.com/736x/88/51/4d/88514d76062e4e418d419d43fb1ee919.jpg","http://www.stylemepretty.com/2015/02/10/inspired-by-johnny-depps-beachfront-nuptials/","","http://www.stylemepretty.com/2015/02/10/inspired-by-johnny-depps-beachfront-nuptials/","Inspired By: Johnny Depp's Beachfront Nuptials","When we got word Johnny Depp and Amber Heard tied the knot on the white sandy beaches of the Bahamas, we couldn’t help but dream of what it must have looked like. Ocean waves, toes in the sand and plenty of gorgeous details were surely in the mix, and inspired by all the loveliness we rounded […]","http://www.stylemepretty.com/2015/02/10/inspired-by-johnny-depps-beachfront-nuptials/","Style Me Pretty","https://www.pinterest.com/stylemepretty/beach-weddings/","Beach Weddings"
"Beyond gorgeous beach Chuppah! http://www.stylemepretty.com/2015/02/04/elegant-riviera-maya-destination-wedding/ | Photography: Samuel Lippke - http://samuellippke.com/","https://s-media-cache-ak0.pinimg.com/736x/ac/dc/1b/acdc1b496590c3173259072d5e30cbd8.jpg","http://www.stylemepretty.com/2015/02/04/elegant-riviera-maya-destination-wedding/","","http://www.stylemepretty.com/2015/02/04/elegant-riviera-maya-destination-wedding/","Elegant Riviera Maya Destination Wedding","Planning a destination wedding is no easy feat, but thanks to SIGNATURE, Event Consulting & Design every detail of this Riviera Maya affair went off without a hitch. From the bride who rocked a killer ballgown on the beach to the blooms all designed by Elena Damy, this tropical “I do” is going down ...","http://www.stylemepretty.com/2015/02/04/elegant-riviera-maya-destination-wedding/","Style Me Pretty",""
"Pre-wedding beach party: http://www.stylemepretty.com/2015/02/23/dominican-republic-pre-wedding-beach-bonfire/ | Photography: Ryan Ray - http://ryanrayphoto.com/","https://s-media-cache-ak0.pinimg.com/736x/79/00/37/790037469b2aeb8e5994c4225d959e9f.jpg","http://www.stylemepretty.com/2015/02/23/dominican-republic-pre-wedding-beach-bonfire/","","http://www.stylemepretty.com/2015/02/23/dominican-republic-pre-wedding-beach-bonfire/","Dominican Republic Post-Wedding Beach Bonfire","How do you top off a destination wedding extravaganza from rehearsal dinner to ceremony to oceanside reception? A festive beach bonfire – that’s how. As a farewell for guests who traveled far and wide to celebrate, Michelle and Geoff along with Stefanie Miles planned a casual gathering on the sand c...","http://www.stylemepretty.com/2015/02/23/dominican-republic-pre-wedding-beach-bonfire/","Style Me Pretty",""
"Elegant beach ceremony: http://www.stylemepretty.com/2014/03/07/destination-wedding-in-puerto-vallarta-mexico/ | Photography: Clary Pfeiffer - http://www.claryphoto.com/","https://s-media-cache-ak0.pinimg.com/736x/a6/ea/77/a6ea77a80a4f33778bbcb7716b7b1960.jpg","http://www.stylemepretty.com/2014/03/07/destination-wedding-in-puerto-vallarta-mexico/","","http://www.stylemepretty.com/2014/03/07/destination-wedding-in-puerto-vallarta-mexico/","Destination Wedding in Puerto Vallarta, Mexico","Right about now, as my house lies snuggled in a foot of snow, Mexico is sounding pretty amazing. It’s a land where sunshine is a mainstay and seaside nuptials are a part of the landscape. And local darlings, The Dazzling Details, know just how to whip those nuptials into shape. The result is a neutr...","http://www.stylemepretty.com/2014/03/07/destination-wedding-in-puerto-vallarta-mexico/","Style Me Pretty","https://www.pinterest.com/stylemepretty/beach-weddings/","Beach Weddings"
"A beautiful welcome dinner dress: http://www.stylemepretty.com/2015/02/23/dominican-republic-wedding-welcome-dinner/ | Photography: Ryan Ray - http://ryanrayphoto.com/","https://s-media-cache-ak0.pinimg.com/736x/8f/5f/b0/8f5fb01c2ecae6430a8ce6204662a2a0.jpg","http://www.stylemepretty.com/2015/02/23/dominican-republic-wedding-welcome-dinner/","","http://www.stylemepretty.com/2015/02/23/dominican-republic-wedding-welcome-dinner/","Dominican Republic Wedding Welcome Dinner","Kicking off a new week is often easier said than done, but this Monday just got a whole lot better with Ryan Ray wedding goodness from morning ’til night. I’m talking a four-part feature set in the Dominican Republic, starting with this gorgeous rehearsal dinner designed in the hands of Stefanie Mil...","http://www.stylemepretty.com/2015/02/23/dominican-republic-wedding-welcome-dinner/","Style Me Pretty","https://www.pinterest.com/stylemepretty/beach-weddings/","Beach Weddings"
"Beach engagement: http://www.stylemepretty.com/2014/03/11/elegant-beach-wedding-inspiration/ | Photography: Sylvie Gil - http://www.sylviegilphotography.com/","https://s-media-cache-ak0.pinimg.com/736x/28/4a/70/284a7094b316b31181de89f638aaf989.jpg","http://www.stylemepretty.com/2014/03/11/elegant-beach-wedding-inspiration/","","http://www.stylemepretty.com/2014/03/11/elegant-beach-wedding-inspiration/","Elegant Beach Wedding Inspiration","We love a new twist on tradition; a style that brings a fresh layer to a tried and true classic like the Beach wedding. With concept and beauty by Katie Nash Beauty, styling by Enjoy Events Co., crazy good florals by Max Gill and the loveliest photographs by Sylvie Gil, this inspiration is out to pr...","http://www.stylemepretty.com/2014/03/11/elegant-beach-wedding-inspiration/","Style Me Pretty",""
"Lanterns and flowers line the beach aisle: http://www.stylemepretty.com/2015/02/04/elegant-riviera-maya-destination-wedding/ | Photography: Samuel Lippke - http://samuellippke.com/","https://s-media-cache-ak0.pinimg.com/736x/ef/50/26/ef502600dabaa56439ff5044971b3d24.jpg","http://www.stylemepretty.com/2015/02/04/elegant-riviera-maya-destination-wedding/","","http://www.stylemepretty.com/2015/02/04/elegant-riviera-maya-destination-wedding/","Elegant Riviera Maya Destination Wedding","Planning a destination wedding is no easy feat, but thanks to SIGNATURE, Event Consulting & Design every detail of this Riviera Maya affair went off without a hitch. From the bride who rocked a killer ballgown on the beach to the blooms all designed by Elena Damy, this tropical “I do” is going down ...","http://www.stylemepretty.com/2015/02/04/elegant-riviera-maya-destination-wedding/","Style Me Pretty","https://www.pinterest.com/stylemepretty/beach-weddings/","Beach Weddings"
"Dreamy beach wedding: http://www.stylemepretty.com/massachusetts-weddings/mashpee/2015/02/16/whimsical-cape-cod-beach-wedding/ | Photography: Melissa Robotti - http://www.melissarobottiphotography.com/","https://s-media-cache-ak0.pinimg.com/736x/c7/12/e9/c712e9f81cbbd7d80ff56f7ead0a8fbb.jpg","http://www.stylemepretty.com/massachusetts-weddings/mashpee/2015/02/16/whimsical-cape-cod-beach-wedding/","","http://www.stylemepretty.com/massachusetts-weddings/mashpee/2015/02/16/whimsical-cape-cod-beach-wedding/","Whimsical Cape Cod Beach Wedding","If you were to ask me, this beachside Wychmere Beach Club affair has the best of everything. From the wonderfully casual driftwood accents, to innately elegant ombre invitations, to Lilacs Juliette rose bouquets, to Lanvin clad Bride, each stunning moment capture by Melissa Robotti is New England at...","http://www.stylemepretty.com/massachusetts-weddings/mashpee/2015/02/16/whimsical-cape-cod-beach-wedding/","Style Me Pretty","https://www.pinterest.com/stylemepretty/beach-weddings/","Beach Weddings"
"Jump for joy: http://www.stylemepretty.com/2015/02/10/inspired-by-johnny-depps-beachfront-nuptials/","https://s-media-cache-ak0.pinimg.com/736x/3d/a8/77/3da877504f9ffd0d3e173c223303c390.jpg","http://www.stylemepretty.com/2015/02/10/inspired-by-johnny-depps-beachfront-nuptials/","","http://www.stylemepretty.com/2015/02/10/inspired-by-johnny-depps-beachfront-nuptials/","Inspired By: Johnny Depp's Beachfront Nuptials","When we got word Johnny Depp and Amber Heard tied the knot on the white sandy beaches of the Bahamas, we couldn’t help but dream of what it must have looked like. Ocean waves, toes in the sand and plenty of gorgeous details were surely in the mix, and inspired by all the loveliness we rounded […]","http://www.stylemepretty.com/2015/02/10/inspired-by-johnny-depps-beachfront-nuptials/","Style Me Pretty","https://www.pinterest.com/stylemepretty/beach-weddings/","Beach Weddings"
"Beach table: http://www.stylemepretty.com/2014/01/17/beach-elopement-wedding-inspiration/ | Photography: Lauren Kinsey - http://www.laurenkinsey.com/","https://s-media-cache-ak0.pinimg.com/736x/5d/a7/ea/5da7eacad9f04700899fd4068512aedc.jpg","http://www.stylemepretty.com/2014/01/17/beach-elopement-wedding-inspiration/","","http://www.stylemepretty.com/2014/01/17/beach-elopement-wedding-inspiration/","Beach Elopement Wedding Inspiration","Every time a Lauren Kinsey email hits my inbox, I know a happy dance is right around the corner. And today, m’dears, is certainly no exception. She partnered with Alee Willis and Nathan Willis Wedding Films for a beach elopement inspiration shoot and the results left us flat-out speechless. Get read...","http://www.stylemepretty.com/2014/01/17/beach-elopement-wedding-inspiration/","Style Me Pretty","https://www.pinterest.com/stylemepretty/beach-weddings/","Beach Weddings"
"Umbrellas for a beach wedding: http://www.stylemepretty.com/2015/02/10/inspired-by-johnny-depps-beachfront-nuptials/","https://s-media-cache-ak0.pinimg.com/736x/a8/39/29/a83929b836a695b19e23441373ee6229.jpg","http://www.stylemepretty.com/2015/02/10/inspired-by-johnny-depps-beachfront-nuptials/","","http://www.stylemepretty.com/2015/02/10/inspired-by-johnny-depps-beachfront-nuptials/","Inspired By: Johnny Depp's Beachfront Nuptials","When we got word Johnny Depp and Amber Heard tied the knot on the white sandy beaches of the Bahamas, we couldn’t help but dream of what it must have looked like. Ocean waves, toes in the sand and plenty of gorgeous details were surely in the mix, and inspired by all the loveliness we rounded […]","http://www.stylemepretty.com/2015/02/10/inspired-by-johnny-depps-beachfront-nuptials/","Style Me Pretty","https://www.pinterest.com/stylemepretty/beach-weddings/","Beach Weddings"
"Sweet and simple: http://www.stylemepretty.com/2015/02/10/inspired-by-johnny-depps-beachfront-nuptials/","https://s-media-cache-ak0.pinimg.com/736x/06/73/ae/0673aedb2f70f2e0c836218483f2231f.jpg","http://www.stylemepretty.com/2015/02/10/inspired-by-johnny-depps-beachfront-nuptials/","","http://www.stylemepretty.com/2015/02/10/inspired-by-johnny-depps-beachfront-nuptials/","Inspired By: Johnny Depp's Beachfront Nuptials","When we got word Johnny Depp and Amber Heard tied the knot on the white sandy beaches of the Bahamas, we couldn’t help but dream of what it must have looked like. Ocean waves, toes in the sand and plenty of gorgeous details were surely in the mix, and inspired by all the loveliness we rounded […]","http://www.stylemepretty.com/2015/02/10/inspired-by-johnny-depps-beachfront-nuptials/","Style Me Pretty","https://www.pinterest.com/stylemepretty/beach-weddings/","Beach Weddings"
"Shoes: http://www.stylemepretty.com/2015/02/10/inspired-by-johnny-depps-beachfront-nuptials/","https://s-media-cache-ak0.pinimg.com/736x/6d/e6/f3/6de6f3b008a5b5c9e6ce85c6e9255d16.jpg","http://www.stylemepretty.com/2015/02/10/inspired-by-johnny-depps-beachfront-nuptials/","","http://www.stylemepretty.com/2015/02/10/inspired-by-johnny-depps-beachfront-nuptials/","Inspired By: Johnny Depp's Beachfront Nuptials","When we got word Johnny Depp and Amber Heard tied the knot on the white sandy beaches of the Bahamas, we couldn’t help but dream of what it must have looked like. Ocean waves, toes in the sand and plenty of gorgeous details were surely in the mix, and inspired by all the loveliness we rounded […]","http://www.stylemepretty.com/2015/02/10/inspired-by-johnny-depps-beachfront-nuptials/","Style Me Pretty","https://www.pinterest.com/stylemepretty/beach-weddings/","Beach Weddings"
"Picture perfect beach wedding: http://www.stylemepretty.com/2015/02/10/inspired-by-johnny-depps-beachfront-nuptials/","https://s-media-cache-ak0.pinimg.com/736x/22/91/b9/2291b9b8d79685429f3e8394935da40e.jpg","http://www.stylemepretty.com/2015/02/10/inspired-by-johnny-depps-beachfront-nuptials/","","http://www.stylemepretty.com/2015/02/10/inspired-by-johnny-depps-beachfront-nuptials/","Inspired By: Johnny Depp's Beachfront Nuptials","When we got word Johnny Depp and Amber Heard tied the knot on the white sandy beaches of the Bahamas, we couldn’t help but dream of what it must have looked like. Ocean waves, toes in the sand and plenty of gorgeous details were surely in the mix, and inspired by all the loveliness we rounded […]","http://www.stylemepretty.com/2015/02/10/inspired-by-johnny-depps-beachfront-nuptials/","Style Me Pretty","https://www.pinterest.com/stylemepretty/beach-weddings/","Beach Weddings"
"Gorgeous floral backdrop: http://www.stylemepretty.com/2015/02/10/inspired-by-johnny-depps-beachfront-nuptials/","https://s-media-cache-ak0.pinimg.com/736x/1a/88/32/1a8832d9c124943ac2bd6adb12cf954d.jpg","http://www.stylemepretty.com/2015/02/10/inspired-by-johnny-depps-beachfront-nuptials/","","http://www.stylemepretty.com/2015/02/10/inspired-by-johnny-depps-beachfront-nuptials/","Inspired By: Johnny Depp's Beachfront Nuptials","When we got word Johnny Depp and Amber Heard tied the knot on the white sandy beaches of the Bahamas, we couldn’t help but dream of what it must have looked like. Ocean waves, toes in the sand and plenty of gorgeous details were surely in the mix, and inspired by all the loveliness we rounded […]","http://www.stylemepretty.com/2015/02/10/inspired-by-johnny-depps-beachfront-nuptials/","Style Me Pretty","https://www.pinterest.com/stylemepretty/beach-weddings/","Beach Weddings"
"Perfect backdrop: http://www.stylemepretty.com/2015/02/10/inspired-by-johnny-depps-beachfront-nuptials/","https://s-media-cache-ak0.pinimg.com/736x/3c/4b/d3/3c4bd32144679f40ff460fee52073d78.jpg","http://www.stylemepretty.com/2015/02/10/inspired-by-johnny-depps-beachfront-nuptials/","","http://www.stylemepretty.com/2015/02/10/inspired-by-johnny-depps-beachfront-nuptials/","Inspired By: Johnny Depp's Beachfront Nuptials","When we got word Johnny Depp and Amber Heard tied the knot on the white sandy beaches of the Bahamas, we couldn’t help but dream of what it must have looked like. Ocean waves, toes in the sand and plenty of gorgeous details were surely in the mix, and inspired by all the loveliness we rounded […]","http://www.stylemepretty.com/2015/02/10/inspired-by-johnny-depps-beachfront-nuptials/","Style Me Pretty","https://www.pinterest.com/stylemepretty/beach-weddings/","Beach Weddings"
"Ocean treasures: http://www.stylemepretty.com/2015/02/10/inspired-by-johnny-depps-beachfront-nuptials/","https://s-media-cache-ak0.pinimg.com/736x/15/cc/2b/15cc2bebaea5e625272c2190d46136c0.jpg","http://www.stylemepretty.com/2015/02/10/inspired-by-johnny-depps-beachfront-nuptials/","","http://www.stylemepretty.com/2015/02/10/inspired-by-johnny-depps-beachfront-nuptials/","Inspired By: Johnny Depp's Beachfront Nuptials","When we got word Johnny Depp and Amber Heard tied the knot on the white sandy beaches of the Bahamas, we couldn’t help but dream of what it must have looked like. Ocean waves, toes in the sand and plenty of gorgeous details were surely in the mix, and inspired by all the loveliness we rounded […]","http://www.stylemepretty.com/2015/02/10/inspired-by-johnny-depps-beachfront-nuptials/","Style Me Pretty","https://www.pinterest.com/stylemepretty/beach-weddings/","Beach Weddings"
"A stroll on the beach: http://www.stylemepretty.com/michigan-weddings/2015/02/11/secret-beach-wedding-inspiration-at-sleeping-bear-dunes/ | Photography: Lauren Kinsey - http://laurenkinsey.com/","https://s-media-cache-ak0.pinimg.com/736x/c2/70/4f/c2704fbec5bccce5ecf8062ee5fa17e6.jpg","http://www.stylemepretty.com/michigan-weddings/2015/02/11/secret-beach-wedding-inspiration-at-sleeping-bear-dunes/","","http://www.stylemepretty.com/michigan-weddings/2015/02/11/secret-beach-wedding-inspiration-at-sleeping-bear-dunes/","Secret Beach Wedding Inspiration at Sleeping Bear Dunes","Sometimes I fall so hard for the beautiful things we get to feature on SMP, I can barely contain myself. Well, that’s just what happened when I laid eyes on this seaside shoot from Lauren Kinsey. Because it’s basically my idea of perfection. With florals from Bloom Floral Design, planning from Since...","http://www.stylemepretty.com/michigan-weddings/2015/02/11/secret-beach-wedding-inspiration-at-sleeping-bear-dunes/","Style Me Pretty","https://www.pinterest.com/stylemepretty/beach-weddings/","Beach Weddings"
"Seaside ceremony: http://www.stylemepretty.com/2015/02/10/inspired-by-johnny-depps-beachfront-nuptials/","https://s-media-cache-ak0.pinimg.com/736x/15/de/ec/15deec5aa2de7aec04968e8e0120b5fd.jpg","http://www.stylemepretty.com/2015/02/10/inspired-by-johnny-depps-beachfront-nuptials/","","http://www.stylemepretty.com/2015/02/10/inspired-by-johnny-depps-beachfront-nuptials/","Inspired By: Johnny Depp's Beachfront Nuptials","When we got word Johnny Depp and Amber Heard tied the knot on the white sandy beaches of the Bahamas, we couldn’t help but dream of what it must have looked like. Ocean waves, toes in the sand and plenty of gorgeous details were surely in the mix, and inspired by all the loveliness we rounded […]","http://www.stylemepretty.com/2015/02/10/inspired-by-johnny-depps-beachfront-nuptials/","Style Me Pretty","https://www.pinterest.com/stylemepretty/beach-weddings/","Beach Weddings"
"Winter beach wedding inspiration: http://www.stylemepretty.com/little-black-book-blog/2015/02/04/swedish-seaside-sinter-wedding-inspiration/ | Photography: 2 Brides - http://2brides.se/","https://s-media-cache-ak0.pinimg.com/736x/96/c5/84/96c584159c70f6ae8e4166e38f18617d.jpg","http://www.stylemepretty.com/little-black-book-blog/2015/02/04/swedish-seaside-sinter-wedding-inspiration/","","http://www.stylemepretty.com/little-black-book-blog/2015/02/04/swedish-seaside-sinter-wedding-inspiration/","Swedish Seaside Winter Wedding Inspiration","Equally gorgeous and contrasting in the most stunning way, this Swedish slice of pretty from 2 Brides Photography is the best of both worlds. Ethereally romantic with a touch of boho vs. bold, fierce high fashion—each look paired with petals from Linnéa Bergqvist and graced with Zetterberg Couture g...","http://www.stylemepretty.com/little-black-book-blog/2015/02/04/swedish-seaside-sinter-wedding-inspiration/","Style Me Pretty","https://www.pinterest.com/stylemepretty/beach-weddings/","Beach Weddings"
"Beach Wedding Handmade Finds | love ALL of these. | http://emmalinebride.com/ceremony/beach-ceremony-tips/","https://s-media-cache-ak0.pinimg.com/736x/f9/1e/8b/f91e8bc39d03251362645fcb059f467b.jpg","http://emmalinebride.com/ceremony/beach-ceremony-tips/","","","","","https://www.pinterest.com/emmalinebride/beach-wedding/","BEACH WEDDING"
"Beach Wedding Guest Book Alternative http://emmalinebride.com/ceremony/beach-ceremony-tips/","https://s-media-cache-ak0.pinimg.com/736x/d6/70/08/d67008d5edf67929aa89af2f374e4059.jpg","http://emmalinebride.com/ceremony/beach-ceremony-tips/","","","","","https://www.pinterest.com/emmalinebride/beach-wedding/","BEACH WEDDING"
"Beach Ceremony Tips - Handmade Ideas","https://s-media-cache-ak0.pinimg.com/736x/ab/27/69/ab2769d53a5f1c16ffb3553a7e934b36.jpg","http://emmalinebride.com/ceremony/beach-ceremony-tips/","","","","","https://www.pinterest.com/emmalinebride/beach-wedding/","BEACH WEDDING"
"Beach Ceremony Tips - Beach Ceremony Decor (photo by Oeil Photography)","https://s-media-cache-ak0.pinimg.com/736x/77/7b/01/777b01a43a844d1d3731744f120cca48.jpg","http://emmalinebride.com/themes/beach-ceremony-tips/","","","","",""
"Beach Wedding Sign Decorations STARFISH Hand Painted Reclaimed Wood. Rustic Weddings. Vintage Weddings. Road Signs. Romantic Ocean Reception on Etsy, $55.00","https://s-media-cache-ak0.pinimg.com/736x/12/e0/72/12e0727865582cd8e1796dfc1b661400.jpg","http://www.etsy.com/listing/118905854/beach-wedding-sign-decorations-starfish","","http://www.etsy.com/listing/118905854/beach-wedding-sign-decorations-starfish","Beach Wedding Sign Decorations STARFISH Hand Painted Reclaimed Wood. Rustic…","","","https://www.pinterest.com/daniellelee07/getting-hitched/","getting hitched"
"this fan is a must-have.  see why: http://emmalinebride.com/ceremony/beach-ceremony-tips/","https://s-media-cache-ak0.pinimg.com/736x/7a/41/bd/7a41bdbc6a14b943af86b203bf0d4998.jpg","http://emmalinebride.com/ceremony/beach-ceremony-tips/","","","","","https://www.pinterest.com/emmalinebride/beach-wedding/","BEACH WEDDING"
"Beach Ceremony Tips - Sunglasses for Guests (Cheap, too!) via EmmalineBride.com","https://s-media-cache-ak0.pinimg.com/736x/57/5c/28/575c288ccd7835069656a0c7fcf84c13.jpg","http://emmalinebride.com/themes/beach-ceremony-tips/","","","","",""
"#watercolorinvitation, Modern Wedding Invitation Watercolor, white text by twigsprintstudio www.facebook.com/twigsprintstudio","https://s-media-cache-ak0.pinimg.com/736x/3c/b9/5d/3cb95d7fd66737c7d4053e86a692ae9c.jpg","http://www.etsy.com/listing/153788006/modern-wedding-invitation-watercolor?share_id=16044815&hmac=4bc08fb1d74db1d9816ac53b16434a3a3ed56e40&utm_source=Pinterest&utm_medium=PageTools&utm_campaign=Share","","","","","https://www.pinterest.com/twigsstudio/twigsprintstudio/","Twigs.Print.Studio."
"Beach Ceremony Tips - lanterns lining the aisle (photo by jane z photography)","https://s-media-cache-ak0.pinimg.com/736x/55/a4/5e/55a45ee17ac3debc363cc75791f1440a.jpg","http://emmalinebride.com/themes/beach-ceremony-tips/","","","","",""
"5 Tips for an Unforgettable Beach Ceremony","https://s-media-cache-ak0.pinimg.com/736x/ff/4e/5c/ff4e5ca068db55a25d941431cc44eb43.jpg","http://blog.weddingstar.com/5-tips-for-an-unforgettable-beach-ceremony/","","http://blog.weddingstar.com/5-tips-for-an-unforgettable-beach-ceremony/","5 Tips for an Unforgettable Beach Ceremony","Happy Friday Lovelies! And boy is it a happy Friday indeed. Not only is Emma Arendoski of Emmaline Bride back with us to share her tips for an unforgettable beach ceremony, but today is the first d...","http://blog.weddingstar.com/5-tips-for-an-unforgettable-beach-ceremony/","The Details - Weddingstar Blog","https://www.pinterest.com/emmalinebride/beach-wedding/","BEACH WEDDING"
"5 Tips for an Unforgettable Beach Ceremony","https://s-media-cache-ak0.pinimg.com/736x/6d/d7/30/6dd730fbd03a3c54d2552bf4f2698fb9.jpg","http://blog.weddingstar.com/5-tips-for-an-unforgettable-beach-ceremony/","","http://blog.weddingstar.com/5-tips-for-an-unforgettable-beach-ceremony/","5 Tips for an Unforgettable Beach Ceremony","Happy Friday Lovelies! And boy is it a happy Friday indeed. Not only is Emma Arendoski of Emmaline Bride back with us to share her tips for an unforgettable beach ceremony, but today is the first d...","http://blog.weddingstar.com/5-tips-for-an-unforgettable-beach-ceremony/","The Details - Weddingstar Blog","https://www.pinterest.com/emmalinebride/beach-wedding/","BEACH WEDDING"
"Tips for Choosing Beach Wedding Stationery","https://s-media-cache-ak0.pinimg.com/736x/7f/bb/fd/7fbbfdc3ecaa6dc9179f709433b5513d.jpg","http://blog.weddingstar.com/tips-for-choosing-beach-wedding-stationery/","","","","","https://www.pinterest.com/emmalinebride/beach-wedding/","BEACH WEDDING"
"Tips for Choosing Beach Wedding Stationery","https://s-media-cache-ak0.pinimg.com/736x/93/0e/c0/930ec0a68a0e85a6c9d30d42465e709c.jpg","http://blog.weddingstar.com/tips-for-choosing-beach-wedding-stationery/","","","","","https://www.pinterest.com/emmalinebride/beach-wedding/","BEACH WEDDING"
"Tips for Choosing Beach Wedding Stationery","https://s-media-cache-ak0.pinimg.com/736x/e0/1c/f9/e01cf93c95da8c9e6be944822a1ab320.jpg","http://blog.weddingstar.com/tips-for-choosing-beach-wedding-stationery/","","","","","https://www.pinterest.com/emmalinebride/beach-wedding/","BEACH WEDDING"
"Sailboat Wedding Cake Topper","https://s-media-cache-ak0.pinimg.com/736x/6e/3f/c4/6e3fc46dc20655f5988c4bd2096b897a.jpg","http://emmalinebride.com/cake/sailboat-wedding-cake-topper/","","","","","https://www.pinterest.com/emmalinebride/beach-wedding/","BEACH WEDDING"
